attrs,blueprint,blurb,content,filename,id,is_hidden,level,slug,template,text,title,type,updated_at,updated_by
,,,,about,,,,,,,,,,
,,,,find-us,,,,,,,,,,
,,,,home,,,,,,,,,,
,,,,manufacturers,,,,,,,,,,
,,,,news,,,,,,,,,,
,policies,,,policies,b5ccb7d2-6712-45ca-b74f-9aa64c63b3d7,true,'3',policies,policies,|-,Policies,text,1682174518,87ca4130-78f3-4ed1-8b64-aa552d3d08a8
,,,,pre-owned,,,,,,,,,,
,,,,products,,,,,,,,,,
,testimonials,"'In a time when most shopping is done online from vast, indifferent warehouses, we continue to believe that nothing beats an in-person connection, founded on over thirty years of experience, and dedicated to quality and service. We''re always happy to hear positive feedback from our valued customers!'",,testimonials,8d5f94a4-c720-492a-a31d-2b21e9a76844,,,,testimonials,,Testimonials,,1694656492,87641989-b935-429e-81a7-ccf64c5d34d6
